use ALOHCMUTE
Go
insert into loai_tai_khoan(ten_loai) values ('ADMIN')
insert into loai_tai_khoan(ten_loai) values ('USER')
Go
insert into tai_khoan ([tai_khoan],[avatarurl],[code],[email],[gioi_tinh],[ho_ten],[mat_khau],[nick_name],[sdt],[status],[ma_loai])values (N'admin', N'', 111111, 'thuyctt2311@gmail.com',null, null, '$2a$10$CgLACsSyPhW0x55baR7W7eYZT1SxEVE0PSc9hL8YdeVhBlh3uWOVi', 'admin', null, 1, 1)
,(N'thuycao816', N'', 111111, 'caothithuthuy00000@gmail.com', 'nu', N'Cao Thị Thu Thủy', '$2a$10$CgLACsSyPhW0x55baR7W7eYZT1SxEVE0PSc9hL8YdeVhBlh3uWOVi', 'thuycao816', '0673547246', 1, 2)
,(N'tien888', N'', 111111, 'abc@gmail.com', 'nam', N'Nguyễn Văn Tiến', '$2a$10$CgLACsSyPhW0x55baR7W7eYZT1SxEVE0PSc9hL8YdeVhBlh3uWOVi', 'tien888', '0752378623', 1, 2)
,(N'lolo928', N'', 111111, 'lolo@gmail.com', 'nam', N'Nguyễn Văn A', '$2a$10$CgLACsSyPhW0x55baR7W7eYZT1SxEVE0PSc9hL8YdeVhBlh3uWOVi', 'Lô lô', '0753786322', 1, 2)
,(N'mai211', N'', 111111, 'maikp@gmail.com', 'nu', N'Trần Thu Mai', '$2a$10$CgLACsSyPhW0x55baR7W7eYZT1SxEVE0PSc9hL8YdeVhBlh3uWOVi', 'mai mai', '0637547236', 1, 2)
,(N'phucdu62', N'', 111111, 'phucpro@gmail.com', 'nam', N'Nguyễn Hữu Phúc', '$2a$10$CgLACsSyPhW0x55baR7W7eYZT1SxEVE0PSc9hL8YdeVhBlh3uWOVi', 'phuc pro', '0853645234', 1, 2)
Go
insert into che_do values('Public')
insert into che_do values('Follower')
insert into che_do values('Private')
Go
insert into nhom ([ngay_thanh_lap],[ten_nhom],[ma_che_do],[tai_khoan_truong_nhom]) values ('2023-11-19', N'Điện toán đám mây', 3, N'thuycao816')
,('2023-09-22', N'Coding', 1, N'lolo928')
,('2022-10-21', N'Dev ơi mình đi đâu thế?', 1, N'thuycao816')
,('2022-08-10', N'Cách để qua môn lập trình Web', 1, N'tien888')
,('2022-06-10', N'Nhà cái uy tín số 1 Châu Âu', 3, N'tien888')
Go
insert into bai_viet ([ngay],[thoi_gian],[noi_dung_chu],[noi_dung_hinh_anh],[ma_che_do],[tai_khoan] ,[ma_nhom]) values('2023-7-11','07:00:00',N'Hom nay toi buon ngu!', null,1,N'thuycao816',1)
,('2023-11-23','08:30:00',N'Hôm nay tui buồn ngủ quá!', null,1,N'tien888', 4)
,('2023-11-24','10:30:00',N'Hôm nay tui buồn ngủ quá chời!', null,2,N'lolo928',null)
,('2023-11-24','12:30:00',N'Hôm nay tui buồn ngủ dữ luôn!', null,3,N'mai211',null)
,('2023-11-6','16:45:00',N'Hôm nay tui buồn ngủ dữ luôn á chời!',null,2,N'phucdu62', null)
Go
insert into dbo.bao_cao_bai_viet ([ngay],[thoi_gian] ,[noi_dung_bao_cao],[ma_bai_viet]) values('2023-10-11','06:00:00',N'Nội dung chứa hình ảnh hoặc thông điệp bạo lực, gây kích động và không phù hợp.',1)
,('2023-11-22','16:20:00',N'Bài viết chứa nội dung châm biếm, đả kích hoặc gây kích động đối với một nhóm người dựa trên giới tính, tôn giáo, hoặc sắc tộc.',1)
,('2023-09-04','18:50:00',N'Bài viết chia sẻ thông tin sai lệch, tin đồn hoặc nội dung lừa đảo để đánh lừa người đọc.',2)
,('2023-12-11','07:45:00',N'Bài viết chia sẻ thông tin cá nhân mà không có sự đồng ý của người đó.',3)
,('2023-12-24','09:25:00',N'Bài viết chứa nội dung quảng cáo không mong muốn hoặc gửi liên tục các thông điệp spam.',1)

Go
insert into tai_khoan_nhom ([tai_khoan], [ma_nhom],[accept]) values (N'thuycao816', 1,'1')
,(N'thuycao816', 2, '1')
,(N'thuycao816', 3, '1')
,(N'thuycao816', 5, '0')
,(N'tien888', 1, '1')
,(N'tien888', 4, '1')
,(N'tien888', 5, '1')
,(N'tien888', 3, '1')
,(N'lolo928', 5, '1')
,(N'lolo928', 4, '1')
,(N'lolo928', 2, '1')
,(N'lolo928', 1, '0')
,(N'mai211', 1, '1')
Go
insert into thong_bao ([ngay],[noi_dung],[thoi_gian],[tai_khoan]) values ('2023-12-23',N'Bạn của bạn đã đăng một bài viết mới','07:00:00',N'thuycao816')
,('2023-11-22',N'Bạn đã chia sẻ một bài đăng','08:30:00',N'thuycao816')
,('2023-11-22',N'Co người đã bấm theo dõi bạn','08:56:00',N'tien888')
,('2023-09-15',N'Bạn của bạn đã bày tỏ cảm xúc về một hình ảnh','12:30:00',N'tien888')
,('2023-09-15',N'Bạn của bạn đã bày tỏ cảm xúc về một hình ảnh','12:50:00',N'lolo928')
,('2023-09-15',N'Bạn của bạn đã bày tỏ cảm xúc về một hình ảnh','12:40:00',N'lolo928')
,('2023-12-23',N'Bạn đã được nhắc đến trong một bình luận','16:45:00',N'phucdu62')
,('2023-12-23',N'Bạn của bạn đã trả lời về một bình luận mà bạn đã được gắn thẻ ','07:00:00',N'phucdu62')
Go
insert into tai_khoan_theo_doi_tai_khoan ([tai_khoan_theo_doi],[tai_khoan_bi_theo_doi])values(N'thuycao816',N'tien888')
,(N'thuycao816',N'lolo928')
,(N'thuycao816',N'phucdu62')
,(N'tien888',N'thuycao816')
,(N'tien888',N'lolo928')
,(N'tien888',N'phucdu62')
,(N'lolo928',N'thuycao816')
,(N'lolo928',N'phucdu62')
,(N'lolo928',N'mai211')
,(N'phucdu62',N'mai211')
,(N'phucdu62',N'lolo928')
,(N'phucdu62',N'thuycao816')
,(N'mai211',N'lolo928')
,(N'mai211',N'thuycao816')
,(N'mai211',N'tien888')
Go
insert into binh_luan ([ngay],[thoi_gian],[noi_dung_chu],[noi_dung_hinh_anh],[ma_bai_viet],[tai_khoan]) values('2023-11-11','07:30:00',N'Buồn thì đi ngủ đi là hết buồn à:>','',1, N'thuycao816')
,('2023-11-11','07:30:00',N'Kệ nha:>','',1, N'tien888')
,('2023-11-11','07:30:00',N'Đừng có xạo:>','',1, N'mai211')
,('2023-11-11','07:30:00',N't cx v:>','',1,N'lolo928')
,('2023-11-11','07:30:00',N'Buồn thì đi ngủ đi là hết buồn à:>','',2, N'thuycao816')
,('2023-11-11','07:30:00',N'Kệ nha:>','',2, N'tien888')
,('2023-11-11','07:30:00',N'Đừng có xạo:>','',2, N'mai211')
,('2023-11-11','07:30:00',N't cx v:>','',2,N'lolo928')
,('2023-11-11','07:30:00',N'Buồn thì đi ngủ đi là hết buồn à:>','',3, N'thuycao816')
,('2023-11-11','07:30:00',N'Kệ nha:>','',3, N'tien888')
,('2023-11-11','07:30:00',N'Đừng có xạo:>','',3, N'mai211')
,('2023-11-11','07:30:00',N't cx v:>','',3,N'lolo928')
,('2023-11-11','07:30:00',N'Buồn thì đi ngủ đi là hết buồn à:>','',4, N'thuycao816')
,('2023-11-11','07:30:00',N'Kệ nha:>','',4, N'tien888')
,('2023-11-11','07:30:00',N'Đừng có xạo:>','',4, N'mai211')
,('2023-11-11','07:30:00',N't cx v:>','',4,N'lolo928')
